validTimeLocal,validTimeUtc,dayOrNight,cloudCover,dayOfWeek,precipChance,precipType,pressureMeanSeaLevel,qpf,qpfSnow,relativeHumidity,temperature,temperatureDewPoint,temperatureFeelsLike,temperatureHeatIndex,temperatureWindChill,uvDescription,uvIndex,visibility,windDirection,windDirectionCardinal,windGust,windSpeed,wxPhraseLong,wxPhraseShort,wxSeverity
2026-03-01T20:00:00+0100,1772391600,N,19,Sunday,1,rain,1017.7,0,0,56,12,4,11,12,11,Low,0,16,163,SSE,,9,Clear,Clear,1
2026-03-01T21:00:00+0100,1772395200,N,9,Sunday,1,rain,1018.1,0,0,59,11,3,10,11,10,Low,0,16,153,SSE,,10,Clear,Clear,1
2026-03-01T22:00:00+0100,1772398800,N,20,Sunday,1,rain,1018.4,0,0,64,10,4,9,10,9,Low,0,16,165,SSE,,9,Mostly Clear,M Clear,1
2026-03-01T23:00:00+0100,1772402400,N,34,Sunday,2,rain,1018.3,0,0,70,9,4,9,9,9,Low,0,16,167,SSE,,6,Partly Cloudy,P Cloudy,1
2026-03-02T00:00:00+0100,1772406000,N,32,Monday,2,rain,1018,0,0,74,8,4,8,8,8,Low,0,16,165,SSE,,5,Partly Cloudy,P Cloudy,1
2026-03-02T01:00:00+0100,1772409600,N,24,Monday,2,rain,1017.6,0,0,78,7,4,7,7,7,Low,0,16,161,SSE,,4,Mostly Clear,M Clear,1
2026-03-02T02:00:00+0100,1772413200,N,7,Monday,2,rain,1017.1,0,0,79,7,4,7,7,7,Low,0,16,153,SSE,,4,Clear,Clear,1
2026-03-02T03:00:00+0100,1772416800,N,6,Monday,5,rain,1016.6,0,0,79,7,3,6,7,6,Low,0,16,149,SSE,,5,Clear,Clear,1
2026-03-02T04:00:00+0100,1772420400,N,10,Monday,6,rain,1016.1,0,0,81,6,3,5,6,5,Low,0,16,142,SE,,5,Clear,Clear,1
2026-03-02T05:00:00+0100,1772424000,N,7,Monday,6,rain,1015.77,0,0,84,6,3,5,6,5,Low,0,16,140,SE,,5,Clear,Clear,1
2026-03-02T06:00:00+0100,1772427600,N,10,Monday,6,rain,1015.5,0,0,87,5,3,4,5,4,Low,0,16,141,SE,,5,Clear,Clear,1
2026-03-02T07:00:00+0100,1772431200,N,18,Monday,6,rain,1015.4,0,0,87,5,3,4,5,4,Low,0,16,144,SE,,5,Clear,Clear,1
2026-03-02T08:00:00+0100,1772434800,D,19,Monday,7,rain,1015.4,0,0,87,5,3,4,5,4,Low,0,16,143,SE,,5,Sunny,Sunny,1
2026-03-02T09:00:00+0100,1772438400,D,15,Monday,5,rain,1015.5,0,0,81,7,4,7,7,7,Low,0,16,139,SE,,4,Sunny,Sunny,1
2026-03-02T10:00:00+0100,1772442000,D,20,Monday,3,rain,1015.21,0,0,75,9,4,8,9,8,Low,1,16,137,SE,,5,Mostly Sunny,M Sunny,1
2026-03-02T11:00:00+0100,1772445600,D,16,Monday,1,rain,1014.41,0,0,66,11,5,10,11,10,Low,2,16,145,SE,,9,Sunny,Sunny,1
2026-03-02T12:00:00+0100,1772449200,D,39,Monday,0,rain,1013.56,0,0,60,13,5,12,13,12,Moderate,3,16,157,SSE,,12,Partly Cloudy,P Cloudy,1
2026-03-02T13:00:00+0100,1772452800,D,62,Monday,0,rain,1012.56,0,0,54,14,5,13,14,13,Moderate,3,16,159,SSE,,13,Mostly Cloudy,M Cloudy,1
2026-03-02T14:00:00+0100,1772456400,D,55,Monday,3,rain,1011.52,0,0,49,16,5,15,16,15,Moderate,3,16,163,SSE,,14,Partly Cloudy,P Cloudy,1
2026-03-02T15:00:00+0100,1772460000,D,32,Monday,0,rain,1010.81,0,0,47,16,5,15,16,15,Moderate,3,16,165,SSE,,15,Partly Cloudy,P Cloudy,1
2026-03-02T16:00:00+0100,1772463600,D,27,Monday,0,rain,1010.48,0,0,45,16,4,16,16,16,Low,2,16,164,SSE,,13,Mostly Sunny,M Sunny,1
2026-03-02T17:00:00+0100,1772467200,D,26,Monday,0,rain,1010.3,0,0,45,16,4,16,16,16,Low,1,16,158,SSE,,12,Mostly Sunny,M Sunny,1
2026-03-02T18:00:00+0100,1772470800,D,14,Monday,0,rain,1010.6,0,0,47,15,4,15,15,15,Low,0,16,156,SSE,,10,Sunny,Sunny,1
2026-03-02T19:00:00+0100,1772474400,D,11,Monday,4,rain,1011.29,0,0,55,14,5,14,14,14,Low,0,16,150,SSE,,7,Sunny,Sunny,1
2026-03-02T20:00:00+0100,1772478000,N,34,Monday,8,rain,1012.16,0,0,60,12,5,12,12,12,Low,0,16,129,SE,,5,Partly Cloudy,P Cloudy,1
2026-03-02T21:00:00+0100,1772481600,N,34,Monday,6,rain,1012.86,0,0,64,11,5,11,11,11,Low,0,16,113,ESE,,4,Partly Cloudy,P Cloudy,1
2026-03-02T22:00:00+0100,1772485200,N,51,Monday,9,rain,1013.6,0,0,67,11,5,10,11,10,Low,0,16,102,ESE,,6,Partly Cloudy,P Cloudy,1
2026-03-02T23:00:00+0100,1772488800,N,49,Monday,3,rain,1014.7,0,0,71,10,5,10,10,10,Low,0,16,107,ESE,,6,Partly Cloudy,P Cloudy,1
2026-03-03T00:00:00+0100,1772492400,N,57,Tuesday,8,rain,1015.49,0,0,75,10,5,9,10,9,Low,0,16,118,ESE,,5,Partly Cloudy,P Cloudy,1
2026-03-03T01:00:00+0100,1772496000,N,48,Tuesday,5,rain,1015.8,0,0,78,9,5,9,9,9,Low,0,16,104,ESE,,4,Partly Cloudy,P Cloudy,1
2026-03-03T02:00:00+0100,1772499600,N,31,Tuesday,6,rain,1016.16,0,0,81,8,5,8,8,8,Low,0,15,85,E,,4,Partly Cloudy,P Cloudy,1
2026-03-03T03:00:00+0100,1772503200,N,24,Tuesday,7,rain,1016.46,0,0,85,7,5,7,7,7,Low,0,15,80,E,,4,Mostly Clear,M Clear,1
2026-03-03T04:00:00+0100,1772506800,N,23,Tuesday,7,rain,1016.76,0,0,87,7,5,7,7,7,Low,0,14,72,ENE,,4,Mostly Clear,M Clear,1
2026-03-03T05:00:00+0100,1772510400,N,27,Tuesday,7,rain,1017.06,0,0,88,6,5,6,6,6,Low,0,13,67,ENE,,5,Mostly Clear,M Clear,1
2026-03-03T06:00:00+0100,1772514000,N,31,Tuesday,8,rain,1017.4,0,0,90,6,5,5,6,5,Low,0,11,63,ENE,,5,Partly Cloudy,P Cloudy,1
2026-03-03T07:00:00+0100,1772517600,N,38,Tuesday,8,rain,1017.91,0,0,90,6,5,5,6,5,Low,0,10,69,ENE,,5,Partly Cloudy,P Cloudy,1
2026-03-03T08:00:00+0100,1772521200,D,48,Tuesday,8,rain,1018.46,0,0,90,6,5,5,6,5,Low,0,14,64,ENE,,6,Partly Cloudy,P Cloudy,1
2026-03-03T09:00:00+0100,1772524800,D,58,Tuesday,7,rain,1019.06,0,0,87,7,5,6,7,6,Low,0,14,60,ENE,,7,Partly Cloudy,P Cloudy,1
2026-03-03T10:00:00+0100,1772528400,D,36,Tuesday,5,rain,1018.98,0,0,79,9,6,8,9,8,Low,1,16,65,ENE,,8,Partly Cloudy,P Cloudy,1
2026-03-03T11:00:00+0100,1772532000,D,22,Tuesday,3,rain,1018.56,0,0,73,11,6,10,11,10,Low,2,16,70,ENE,,10,Mostly Sunny,M Sunny,1
2026-03-03T12:00:00+0100,1772535600,D,8,Tuesday,1,rain,1017.87,0,0,65,13,6,12,13,12,Moderate,3,15,74,ENE,,10,Sunny,Sunny,1
2026-03-03T13:00:00+0100,1772539200,D,21,Tuesday,0,rain,1017.07,0,0,57,14,6,14,14,14,Moderate,3,14,77,ENE,,10,Mostly Sunny,M Sunny,1
2026-03-03T14:00:00+0100,1772542800,D,26,Tuesday,0,rain,1016.36,0,0,50,16,5,15,16,15,Moderate,3,14,84,E,,10,Mostly Sunny,M Sunny,1
2026-03-03T15:00:00+0100,1772546400,D,28,Tuesday,0,rain,1015.66,0,0,47,17,5,16,17,16,Moderate,3,14,79,E,,10,Mostly Sunny,M Sunny,1
2026-03-03T16:00:00+0100,1772550000,D,34,Tuesday,0,rain,1015.16,0,0,45,17,5,17,17,17,Low,2,14,78,ENE,,9,Partly Cloudy,P Cloudy,1
2026-03-03T17:00:00+0100,1772553600,D,38,Tuesday,0,rain,1014.86,0,0,44,17,5,17,17,17,Low,1,15,76,ENE,,9,Partly Cloudy,P Cloudy,1
2026-03-03T18:00:00+0100,1772557200,D,37,Tuesday,0,rain,1015.06,0,0,46,16,4,16,16,16,Low,0,15,72,ENE,,10,Partly Cloudy,P Cloudy,1
2026-03-03T19:00:00+0100,1772560800,D,39,Tuesday,0,rain,1015.59,0,0,52,15,5,14,15,14,Low,0,15,71,ENE,,10,Partly Cloudy,P Cloudy,1
2026-03-03T20:00:00+0100,1772564400,N,26,Tuesday,1,rain,1016.26,0,0,57,13,5,13,13,13,Low,0,15,69,ENE,,9,Mostly Clear,M Clear,1
2026-03-03T21:00:00+0100,1772568000,N,22,Tuesday,3,rain,1016.96,0,0,63,12,6,11,12,11,Low,0,15,71,ENE,,10,Mostly Clear,M Clear,1
2026-03-03T22:00:00+0100,1772571600,N,12,Tuesday,3,rain,1017.57,0,0,67,12,6,11,12,11,Low,0,15,71,ENE,,9,Clear,Clear,1
2026-03-03T23:00:00+0100,1772575200,N,11,Tuesday,4,rain,1018.07,0,0,71,11,6,10,11,10,Low,0,16,71,ENE,,9,Clear,Clear,1
2026-03-04T00:00:00+0100,1772578800,N,15,Wednesday,5,rain,1018.27,0,0,74,10,6,9,10,9,Low,0,16,69,ENE,,9,Clear,Clear,1
2026-03-04T01:00:00+0100,1772582400,N,19,Wednesday,5,rain,1018.26,0,0,77,9,6,8,9,8,Low,0,16,66,ENE,,9,Clear,Clear,1
2026-03-04T02:00:00+0100,1772586000,N,30,Wednesday,6,rain,1017.97,0,0,79,9,5,7,9,7,Low,0,16,67,ENE,,9,Partly Cloudy,P Cloudy,1
2026-03-04T03:00:00+0100,1772589600,N,23,Wednesday,6,rain,1017.76,0,0,82,8,5,7,8,7,Low,0,16,67,ENE,,9,Mostly Clear,M Clear,1
2026-03-04T04:00:00+0100,1772593200,N,19,Wednesday,6,rain,1017.53,0,0,84,8,5,6,8,6,Low,0,15,65,ENE,,8,Clear,Clear,1
2026-03-04T05:00:00+0100,1772596800,N,12,Wednesday,7,rain,1017.26,0,0,86,7,5,6,7,6,Low,0,13,64,ENE,,8,Clear,Clear,1
2026-03-04T06:00:00+0100,1772600400,N,11,Wednesday,7,rain,1017.16,0,0,87,7,5,6,7,6,Low,0,13,63,ENE,,7,Clear,Clear,1
2026-03-04T07:00:00+0100,1772604000,N,9,Wednesday,7,rain,1017.16,0,0,89,7,5,6,7,6,Low,0,13,63,ENE,,7,Clear,Clear,1
2026-03-04T08:00:00+0100,1772607600,D,8,Wednesday,7,rain,1017.21,0,0,88,7,5,6,7,6,Low,0,15,63,ENE,,7,Sunny,Sunny,1
2026-03-04T09:00:00+0100,1772611200,D,9,Wednesday,5,rain,1017.26,0,0,84,8,6,7,8,7,Low,0,16,68,ENE,,7,Sunny,Sunny,1
2026-03-04T10:00:00+0100,1772614800,D,11,Wednesday,3,rain,1017.16,0,0,76,10,6,9,10,9,Low,1,16,72,ENE,,8,Sunny,Sunny,1
2026-03-04T11:00:00+0100,1772618400,D,16,Wednesday,2,rain,1016.46,0,0,69,12,6,11,12,11,Low,2,16,76,ENE,,8,Sunny,Sunny,1
2026-03-04T12:00:00+0100,1772622000,D,26,Wednesday,0,rain,1015.76,0,0,63,13,6,13,13,13,Moderate,3,16,77,ENE,,7,Mostly Sunny,M Sunny,1
2026-03-04T13:00:00+0100,1772625600,D,31,Wednesday,1,rain,1014.96,0,0,56,15,6,15,15,15,Moderate,4,16,78,ENE,,7,Partly Cloudy,P Cloudy,1
2026-03-04T14:00:00+0100,1772629200,D,30,Wednesday,1,rain,1014.06,0,0,51,16,6,16,16,16,Moderate,4,16,77,ENE,,7,Partly Cloudy,P Cloudy,1
2026-03-04T15:00:00+0100,1772632800,D,27,Wednesday,11,rain,1013.16,0,0,47,17,6,17,17,17,Moderate,3,16,75,ENE,,7,Mostly Sunny,M Sunny,1
2026-03-04T16:00:00+0100,1772636400,D,50,Wednesday,10,rain,1012.9,0,0,49,17,6,17,17,17,Low,2,11,78,ENE,,7,Partly Cloudy,P Cloudy,1
2026-03-04T17:00:00+0100,1772640000,D,49,Wednesday,14,rain,1012.55,0,0,49,17,6,17,17,17,Low,1,16,72,ENE,,5,Partly Cloudy,P Cloudy,1
2026-03-04T18:00:00+0100,1772643600,D,60,Wednesday,11,rain,1012.59,0,0,50,16,6,16,16,16,Low,0,15,74,ENE,,7,Mostly Cloudy,M Cloudy,1
2026-03-04T19:00:00+0100,1772647200,D,63,Wednesday,13,rain,1012.95,0,0,55,15,6,15,15,15,Low,0,11,74,ENE,,6,Mostly Cloudy,M Cloudy,1
2026-03-04T20:00:00+0100,1772650800,N,63,Wednesday,7,rain,1013.4,0,0,61,13,6,13,13,13,Low,0,15,76,ENE,,5,Mostly Cloudy,M Cloudy,1
2026-03-04T21:00:00+0100,1772654400,N,61,Wednesday,11,rain,1013.96,0,0,66,12,6,12,12,12,Low,0,16,86,E,,5,Mostly Cloudy,M Cloudy,1
2026-03-04T22:00:00+0100,1772658000,N,61,Wednesday,4,rain,1014.4,0,0,70,11,6,11,11,11,Low,0,16,91,E,,4,Mostly Cloudy,M Cloudy,1
2026-03-04T23:00:00+0100,1772661600,N,63,Wednesday,8,rain,1014.6,0,0,74,10,6,10,10,10,Low,0,16,92,E,,3,Mostly Cloudy,M Cloudy,1
2026-03-05T00:00:00+0100,1772665200,N,62,Thursday,9,rain,1014.76,0,0,77,10,6,10,10,10,Low,0,16,92,E,,2,Mostly Cloudy,M Cloudy,1
2026-03-05T01:00:00+0100,1772668800,N,68,Thursday,6,rain,1014.8,0,0,81,9,6,9,9,9,Low,0,16,81,E,,1,Mostly Cloudy,M Cloudy,1
2026-03-05T02:00:00+0100,1772672400,N,67,Thursday,7,rain,1014.7,0,0,84,8,6,8,8,8,Low,0,15,76,ENE,,0,Mostly Cloudy,M Cloudy,1
2026-03-05T03:00:00+0100,1772676000,N,61,Thursday,7,rain,1014.56,0,0,87,8,5,8,8,8,Low,0,14,73,ENE,,1,Mostly Cloudy,M Cloudy,1
2026-03-05T04:00:00+0100,1772679600,N,49,Thursday,7,rain,1014.4,0,0,89,7,5,7,7,7,Low,0,14,67,ENE,,0,Partly Cloudy,P Cloudy,1
2026-03-05T05:00:00+0100,1772683200,N,43,Thursday,8,rain,1014.4,0,0,91,6,5,6,6,6,Low,0,13,66,ENE,,1,Partly Cloudy,P Cloudy,1
2026-03-05T06:00:00+0100,1772686800,N,39,Thursday,8,rain,1014.4,0,0,92,6,5,6,6,6,Low,0,13,63,ENE,,1,Partly Cloudy,P Cloudy,1
2026-03-05T07:00:00+0100,1772690400,N,48,Thursday,21,rain,1014.4,0,0,94,6,5,6,6,6,Low,0,13,61,ENE,,0,Partly Cloudy,P Cloudy,1
2026-03-05T08:00:00+0100,1772694000,D,42,Thursday,20,rain,1014.57,0,0,93,7,6,7,7,7,Low,0,13,58,ENE,,0,Partly Cloudy,P Cloudy,1
2026-03-05T09:00:00+0100,1772697600,D,57,Thursday,18,rain,1014.81,0,0,88,8,6,8,8,8,Low,0,16,60,ENE,,0,Partly Cloudy,P Cloudy,1
2026-03-05T10:00:00+0100,1772701200,D,59,Thursday,19,rain,1014.9,0,0,81,9,6,9,9,9,Low,1,16,59,ENE,,0,Partly Cloudy,P Cloudy,1
2026-03-05T11:00:00+0100,1772704800,D,52,Thursday,16,rain,1014.7,0,0,74,11,6,11,11,11,Low,2,16,48,NE,,0,Partly Cloudy,P Cloudy,1
2026-03-05T12:00:00+0100,1772708400,D,55,Thursday,12,rain,1014.37,0,0,67,12,6,12,12,12,Moderate,3,16,38,NE,,1,Partly Cloudy,P Cloudy,1
2026-03-05T13:00:00+0100,1772712000,D,54,Thursday,21,rain,1013.92,0,0,63,14,7,14,14,14,Moderate,3,16,5,N,,2,Partly Cloudy,P Cloudy,1
2026-03-05T14:00:00+0100,1772715600,D,54,Thursday,24,rain,1013.32,0,0,57,15,6,15,15,15,Moderate,3,16,346,NNW,,3,Partly Cloudy,P Cloudy,1
2026-03-05T15:00:00+0100,1772719200,D,61,Thursday,35,rain,1012.7,0.2,0,55,15,6,15,15,15,Moderate,3,11,348,NNW,,4,Showers,Showers,1
2026-03-05T16:00:00+0100,1772722800,D,80,Thursday,56,rain,1012.32,0.6,0,55,15,6,15,15,15,Low,1,8,353,N,,6,Showers,Showers,1
2026-03-05T17:00:00+0100,1772726400,D,80,Thursday,55,rain,1012.4,0.51,0,59,14,6,14,14,14,Low,1,8,359,N,,7,Showers,Showers,1
2026-03-05T18:00:00+0100,1772730000,D,80,Thursday,57,rain,1012.9,0.47,0,64,13,6,12,13,12,Low,0,8,7,N,,9,Showers,Showers,1
2026-03-05T19:00:00+0100,1772733600,D,84,Thursday,70,rain,1013.56,0.46,0,70,12,6,10,12,10,Low,0,8,11,NNE,,11,Light Rain,Light Rain,1
2026-03-05T20:00:00+0100,1772737200,N,86,Thursday,79,rain,1014.47,0.59,0,75,10,6,9,10,9,Low,0,8,12,NNE,,10,Light Rain,Light Rain,1
2026-03-05T21:00:00+0100,1772740800,N,100,Thursday,82,rain,1015.4,0.68,0,77,10,6,8,10,8,Low,0,8,12,NNE,,10,Rain,Rain,1
2026-03-05T22:00:00+0100,1772744400,N,90,Thursday,76,rain,1016.3,0.58,0,81,9,6,7,9,7,Low,0,5,13,NNE,,10,Light Rain,Light Rain,1
2026-03-05T23:00:00+0100,1772748000,N,91,Thursday,74,rain,1016.91,0.6,0,83,8,6,7,8,7,Low,0,8,12,NNE,,10,Light Rain,Light Rain,1
2026-03-06T00:00:00+0100,1772751600,N,100,Friday,64,rain,1017.47,0.8,0,84,8,5,6,8,6,Low,0,8,12,NNE,,11,Rain,Rain,1
2026-03-06T01:00:00+0100,1772755200,N,90,Friday,63,rain,1018.02,0.6,0,84,7,5,5,7,5,Low,0,8,11,N,,11,Light Rain,Light Rain,1
2026-03-06T02:00:00+0100,1772758800,N,100,Friday,67,rain,1018.37,0.68,0,85,7,4,4,7,4,Low,0,7,11,N,,12,Rain,Rain,1
2026-03-06T03:00:00+0100,1772762400,N,100,Friday,68,rain,1018.87,0.8,0,85,6,4,3,6,3,Low,0,6,13,NNE,,12,Rain,Rain,1
2026-03-06T04:00:00+0100,1772766000,N,100,Friday,66,rain,1019.31,0.78,0,85,5,3,3,5,3,Low,0,4.6,15,NNE,,12,Rain,Rain,1
2026-03-06T05:00:00+0100,1772769600,N,100,Friday,63,rain,1019.81,0.69,0,86,5,3,2,5,2,Low,0,7,16,NNE,,12,Rain,Rain,1
2026-03-06T06:00:00+0100,1772773200,N,81,Friday,59,rain,1020.4,0.58,0,86,5,3,2,5,2,Low,0,8,16,NNE,,10,Showers,Showers,1
2026-03-06T07:00:00+0100,1772776800,N,80,Friday,56,rain,1021,0.48,0,85,4,2,2,4,2,Low,0,8,16,NNE,,10,Showers,Showers,1
2026-03-06T08:00:00+0100,1772780400,D,80,Friday,55,rain,1021.67,0.43,0,85,4,2,1,4,1,Low,0,8,19,NNE,,11,Showers,Showers,1
2026-03-06T09:00:00+0100,1772784000,D,80,Friday,51,rain,1022.4,0.4,0,82,4,2,2,4,2,Low,0,8,18,NNE,,12,Showers,Showers,1
2026-03-06T10:00:00+0100,1772787600,D,76,Friday,41,rain,1023.07,0.3,0,77,5,2,3,5,3,Low,1,11,18,NNE,,13,Showers,Showers,1
2026-03-06T11:00:00+0100,1772791200,D,77,Friday,43,rain,1023.41,0.3,0,71,7,2,4,7,4,Low,1,11,22,NNE,,14,Showers,Showers,1
2026-03-06T12:00:00+0100,1772794800,D,79,Friday,43,rain,1023.6,0.3,0,65,7,1,5,7,5,Low,2,11,27,NNE,,14,Showers,Showers,1
2026-03-06T13:00:00+0100,1772798400,D,81,Friday,36,rain,1023.6,0.2,0,60,8,1,6,8,6,Low,2,11,30,NNE,,15,Showers,Showers,1
2026-03-06T14:00:00+0100,1772802000,D,83,Friday,32,rain,1023.4,0.2,0,54,9,0,7,9,7,Low,2,16,30,NNE,27,16,Few Showers,Few Showers,1
2026-03-06T15:00:00+0100,1772805600,D,83,Friday,24,rain,1023,0,0,50,10,0,7,10,7,Low,2,16,30,NNE,28,16,Cloudy,Cloudy,1
2026-03-06T16:00:00+0100,1772809200,D,82,Friday,18,rain,1022.86,0,0,46,10,-1,8,10,8,Low,1,16,30,NNE,28,16,Cloudy,Cloudy,1
2026-03-06T17:00:00+0100,1772812800,D,78,Friday,17,rain,1023,0,0,48,10,-1,8,10,8,Low,1,16,31,NNE,,14,Mostly Cloudy,M Cloudy,1
2026-03-06T18:00:00+0100,1772816400,D,71,Friday,17,rain,1023.36,0,0,54,9,0,7,9,7,Low,0,16,29,NNE,,14,Mostly Cloudy,M Cloudy,1
2026-03-06T19:00:00+0100,1772820000,D,65,Friday,14,rain,1023.8,0,0,60,8,1,6,8,6,Low,0,16,27,NNE,,13,Mostly Cloudy,M Cloudy,1
2026-03-06T20:00:00+0100,1772823600,N,56,Friday,15,rain,1024.47,0,0,65,7,1,5,7,5,Low,0,16,27,NNE,,12,Partly Cloudy,P Cloudy,1
2026-03-06T21:00:00+0100,1772827200,N,46,Friday,16,rain,1025.27,0,0,68,6,1,4,6,4,Low,0,16,29,NNE,,10,Partly Cloudy,P Cloudy,1
2026-03-06T22:00:00+0100,1772830800,N,41,Friday,16,rain,1025.87,0,0,72,5,1,3,5,3,Low,0,16,30,NNE,,9,Partly Cloudy,P Cloudy,1
2026-03-06T23:00:00+0100,1772834400,N,46,Friday,17,rain,1026.2,0,0,75,5,1,3,5,3,Low,0,16,29,NNE,,8,Partly Cloudy,P Cloudy,1
2026-03-07T00:00:00+0100,1772838000,N,56,Saturday,18,precip,1026.37,0,0,78,4,1,2,4,2,Low,0,16,29,NNE,,8,Partly Cloudy,P Cloudy,1
2026-03-07T01:00:00+0100,1772841600,N,64,Saturday,19,precip,1026.3,0,0,79,4,1,2,4,2,Low,0,16,24,NNE,,7,Mostly Cloudy,M Cloudy,1
2026-03-07T02:00:00+0100,1772845200,N,68,Saturday,20,precip,1026.12,0,0,81,4,1,2,4,2,Low,0,15,24,NNE,,7,Mostly Cloudy,M Cloudy,1
2026-03-07T03:00:00+0100,1772848800,N,72,Saturday,20,precip,1026,0,0,83,4,1,2,4,2,Low,0,13,25,NNE,,7,Mostly Cloudy,M Cloudy,1
2026-03-07T04:00:00+0100,1772852400,N,74,Saturday,22,precip,1025.8,0,0,84,3,1,1,3,1,Low,0,12,23,NNE,,7,Mostly Cloudy,M Cloudy,1
2026-03-07T05:00:00+0100,1772856000,N,73,Saturday,24,precip,1025.6,0,0,86,3,1,1,3,1,Low,0,10,25,NNE,,6,Mostly Cloudy,M Cloudy,1
2026-03-07T06:00:00+0100,1772859600,N,71,Saturday,31,precip,1025.42,0.1,0,87,3,1,1,3,1,Low,0,9,23,NNE,,6,Rain/Snow Showers,R/S Showers,1
2026-03-07T07:00:00+0100,1772863200,N,70,Saturday,40,rain,1025.3,0.2,0,89,3,1,1,3,1,Low,0,8,23,NNE,,6,Showers,Showers,1
2026-03-07T08:00:00+0100,1772866800,D,73,Saturday,39,rain,1025.3,0.2,0,88,3,1,1,3,1,Low,0,9,24,NNE,,6,Showers,Showers,1
2026-03-07T09:00:00+0100,1772870400,D,78,Saturday,38,rain,1025.4,0.2,0,87,3,1,1,3,1,Low,0,11,28,NNE,,7,Showers,Showers,1
2026-03-07T10:00:00+0100,1772874000,D,80,Saturday,33,rain,1025.3,0.2,0,81,5,2,3,5,3,Low,1,15,29,NNE,,8,Few Showers,Few Showers,1
2026-03-07T11:00:00+0100,1772877600,D,82,Saturday,24,rain,1025.05,0,0,75,6,2,4,6,4,Low,1,16,35,NE,,8,Cloudy,Cloudy,1
2026-03-07T12:00:00+0100,1772881200,D,82,Saturday,24,rain,1024.6,0,0,68,7,2,6,7,6,Low,2,16,38,NE,,9,Cloudy,Cloudy,1
2026-03-07T13:00:00+0100,1772884800,D,83,Saturday,19,rain,1024.2,0,0,60,9,2,7,9,7,Low,2,16,43,NE,,9,Cloudy,Cloudy,1
2026-03-07T14:00:00+0100,1772888400,D,81,Saturday,20,rain,1023.51,0,0,53,10,1,9,10,9,Low,2,16,42,NE,,10,Cloudy,Cloudy,1
2026-03-07T15:00:00+0100,1772892000,D,77,Saturday,21,rain,1022.81,0,0,51,11,1,10,11,10,Low,2,16,39,NE,,10,Mostly Cloudy,M Cloudy,1
2026-03-07T16:00:00+0100,1772895600,D,74,Saturday,20,rain,1022.35,0,0,51,12,2,11,12,11,Low,2,16,38,NE,,10,Mostly Cloudy,M Cloudy,1
2026-03-07T17:00:00+0100,1772899200,D,71,Saturday,21,rain,1022.15,0,0,52,12,2,11,12,11,Low,1,16,41,NE,,9,Mostly Cloudy,M Cloudy,1
2026-03-07T18:00:00+0100,1772902800,D,68,Saturday,21,rain,1022.16,0,0,55,11,3,10,11,10,Low,0,16,38,NE,,8,Mostly Cloudy,M Cloudy,1
2026-03-07T19:00:00+0100,1772906400,D,67,Saturday,23,rain,1022.3,0,0,60,10,3,9,10,9,Low,0,16,39,NE,,7,Mostly Cloudy,M Cloudy,1
2026-03-07T20:00:00+0100,1772910000,N,68,Saturday,24,rain,1022.75,0,0,66,9,3,8,9,8,Low,0,15,39,NE,,6,Mostly Cloudy,M Cloudy,1
2026-03-07T21:00:00+0100,1772913600,N,69,Saturday,24,rain,1023.2,0,0,69,8,3,7,8,7,Low,0,14,44,NE,,5,Mostly Cloudy,M Cloudy,1
2026-03-07T22:00:00+0100,1772917200,N,68,Saturday,24,rain,1023.6,0,0,74,7,3,7,7,7,Low,0,13,44,NE,,5,Mostly Cloudy,M Cloudy,1
2026-03-07T23:00:00+0100,1772920800,N,67,Saturday,30,rain,1023.9,0.1,0,78,6,3,6,6,6,Low,0,13,44,NE,,4,Few Showers,Few Showers,1
2026-03-08T00:00:00+0100,1772924400,N,65,Sunday,24,rain,1024.06,0,0,81,6,3,6,6,6,Low,0,11,44,NE,,3,Mostly Cloudy,M Cloudy,1
2026-03-08T01:00:00+0100,1772928000,N,65,Sunday,24,rain,1024.06,0,0,83,5,3,5,5,5,Low,0,9,40,NE,,3,Mostly Cloudy,M Cloudy,1
2026-03-08T02:00:00+0100,1772931600,N,69,Sunday,31,rain,1024.1,0.1,0,85,4,2,4,4,4,Low,0,8,39,NE,,3,Few Showers,Few Showers,1
2026-03-08T03:00:00+0100,1772935200,N,70,Sunday,31,rain,1023.96,0.1,0,87,4,2,4,4,4,Low,0,8,40,NE,,3,Few Showers,Few Showers,1
2026-03-08T04:00:00+0100,1772938800,N,71,Sunday,31,rain,1023.8,0.1,0,89,3,2,3,3,3,Low,0,8,40,NE,,2,Few Showers,Few Showers,1
2026-03-08T05:00:00+0100,1772942400,N,72,Sunday,31,rain,1023.8,0.1,0,91,3,2,3,3,3,Low,0,8,42,NE,,2,Few Showers,Few Showers,1
2026-03-08T06:00:00+0100,1772946000,N,73,Sunday,31,rain,1023.7,0.1,0,93,3,2,3,3,3,Low,0,7,42,NE,,1,Few Showers,Few Showers,1
2026-03-08T07:00:00+0100,1772949600,N,73,Sunday,24,precip,1023.8,0,0,94,3,2,3,3,3,Low,0,7,44,NE,,1,Mostly Cloudy,M Cloudy,1
2026-03-08T08:00:00+0100,1772953200,D,72,Sunday,24,precip,1023.9,0,0,95,3,2,3,3,3,Low,0,9,45,NE,,0,Mostly Cloudy,M Cloudy,1
2026-03-08T09:00:00+0100,1772956800,D,71,Sunday,24,precip,1024.1,0,0,92,4,3,4,4,4,Low,0,10,47,NE,,0,Mostly Cloudy,M Cloudy,1
2026-03-08T10:00:00+0100,1772960400,D,69,Sunday,11,rain,1024.2,0,0,85,5,3,5,5,5,Low,1,12,48,NE,,0,Mostly Cloudy,M Cloudy,1
2026-03-08T11:00:00+0100,1772964000,D,69,Sunday,10,rain,1024.1,0,0,76,7,3,7,7,7,Low,2,16,51,NE,,0,Mostly Cloudy,M Cloudy,1
2026-03-08T12:00:00+0100,1772967600,D,68,Sunday,9,rain,1023.9,0,0,67,9,3,9,9,9,Moderate,3,16,55,NE,,0,Mostly Cloudy,M Cloudy,1
2026-03-08T13:00:00+0100,1772971200,D,67,Sunday,15,rain,1023.6,0,0,59,11,3,11,11,11,Moderate,3,16,56,NE,,0,Mostly Cloudy,M Cloudy,1
2026-03-08T14:00:00+0100,1772974800,D,65,Sunday,15,rain,1023.2,0,0,58,13,5,13,13,13,Moderate,3,16,55,NE,,0,Mostly Cloudy,M Cloudy,1
2026-03-08T15:00:00+0100,1772978400,D,62,Sunday,14,rain,1022.6,0,0,55,13,5,13,13,13,Moderate,3,16,45,NE,,0,Mostly Cloudy,M Cloudy,1
2026-03-08T16:00:00+0100,1772982000,D,59,Sunday,19,rain,1022.1,0,0,55,13,4,13,13,13,Low,2,16,34,NNE,,0,Partly Cloudy,P Cloudy,1
2026-03-08T17:00:00+0100,1772985600,D,57,Sunday,20,rain,1021.9,0,0,56,13,5,13,13,13,Low,1,16,36,NE,,0,Partly Cloudy,P Cloudy,1
2026-03-08T18:00:00+0100,1772989200,D,57,Sunday,22,rain,1021.9,0,0,57,13,4,13,13,13,Low,0,16,26,NNE,,0,Partly Cloudy,P Cloudy,1
2026-03-08T19:00:00+0100,1772992800,D,56,Sunday,20,rain,1022.1,0,0,63,12,5,12,12,12,Low,0,15,27,NNE,,0,Partly Cloudy,P Cloudy,1
2026-03-08T20:00:00+0100,1772996400,N,52,Sunday,20,rain,1022.6,0,0,66,11,5,11,11,11,Low,0,16,31,NNE,,0,Partly Cloudy,P Cloudy,1
2026-03-08T21:00:00+0100,1773000000,N,44,Sunday,18,rain,1023.3,0,0,72,9,5,9,9,9,Low,0,16,41,NE,,0,Partly Cloudy,P Cloudy,1
2026-03-08T22:00:00+0100,1773003600,N,39,Sunday,14,rain,1023.8,0,0,76,9,4,9,9,9,Low,0,16,46,NE,,0,Partly Cloudy,P Cloudy,1
2026-03-08T23:00:00+0100,1773007200,N,38,Sunday,13,rain,1024.2,0,0,79,8,4,8,8,8,Low,0,16,52,NE,,0,Partly Cloudy,P Cloudy,1
2026-03-09T00:00:00+0100,1773010800,N,38,Monday,13,rain,1024.49,0,0,84,7,4,7,7,7,Low,0,16,55,NE,,0,Partly Cloudy,P Cloudy,1
2026-03-09T01:00:00+0100,1773014400,N,37,Monday,8,rain,1024.6,0,0,86,6,4,6,6,6,Low,0,16,53,NE,,0,Partly Cloudy,P Cloudy,1
2026-03-09T02:00:00+0100,1773018000,N,38,Monday,8,rain,1024.6,0,0,88,5,3,5,5,5,Low,0,13,54,NE,,0,Partly Cloudy,P Cloudy,1
2026-03-09T03:00:00+0100,1773021600,N,41,Monday,8,precip,1024.59,0,0,90,4,3,4,4,4,Low,0,11,56,NE,,0,Partly Cloudy,P Cloudy,1
2026-03-09T04:00:00+0100,1773025200,N,45,Monday,9,precip,1024.53,0,0,94,3,3,3,3,3,Low,0,8,55,NE,,0,Partly Cloudy,P Cloudy,1
2026-03-09T05:00:00+0100,1773028800,N,61,Monday,21,precip,1024.53,0,0,96,3,2,3,3,3,Low,0,5,57,ENE,,0,Mostly Cloudy,M Cloudy,1
2026-03-09T06:00:00+0100,1773032400,N,64,Monday,21,precip,1024.53,0,0,98,3,2,3,3,3,Low,0,3.2,58,ENE,,0,Mostly Cloudy,M Cloudy,1
2026-03-09T07:00:00+0100,1773036000,N,66,Monday,21,precip,1024.53,0,0,99,3,3,3,3,3,Low,0,4,62,ENE,,0,Mostly Cloudy,M Cloudy,1
2026-03-09T08:00:00+0100,1773039600,D,66,Monday,20,precip,1024.5,0,0,97,3,3,3,3,3,Low,0,4,60,ENE,,0,Mostly Cloudy,M Cloudy,1
2026-03-09T09:00:00+0100,1773043200,D,65,Monday,20,precip,1024.43,0,0,94,4,3,4,4,4,Low,0,5,62,ENE,,0,Mostly Cloudy,M Cloudy,1
2026-03-09T10:00:00+0100,1773046800,D,64,Monday,19,rain,1024.3,0,0,87,6,4,6,6,6,Low,1,8,66,ENE,,0,Mostly Cloudy,M Cloudy,1
2026-03-09T11:00:00+0100,1773050400,D,53,Monday,4,rain,1024.1,0,0,78,8,5,8,8,8,Low,2,13,70,ENE,,0,Partly Cloudy,P Cloudy,1
2026-03-09T12:00:00+0100,1773054000,D,52,Monday,3,rain,1023.7,0,0,71,10,5,10,10,10,Moderate,3,16,75,ENE,,0,Partly Cloudy,P Cloudy,1
2026-03-09T13:00:00+0100,1773057600,D,50,Monday,8,rain,1023.31,0,0,64,12,5,12,12,12,Moderate,4,16,81,E,,0,Partly Cloudy,P Cloudy,1
2026-03-09T14:00:00+0100,1773061200,D,48,Monday,7,rain,1022.8,0,0,58,13,5,13,13,13,Moderate,4,16,74,ENE,,0,Partly Cloudy,P Cloudy,1
2026-03-09T15:00:00+0100,1773064800,D,44,Monday,6,rain,1022.1,0,0,55,14,5,14,14,14,Moderate,3,16,51,NE,,0,Partly Cloudy,P Cloudy,1
2026-03-09T16:00:00+0100,1773068400,D,42,Monday,4,rain,1021.5,0,0,51,15,5,15,15,15,Low,2,16,34,NE,,0,Partly Cloudy,P Cloudy,1
2026-03-09T17:00:00+0100,1773072000,D,41,Monday,4,rain,1021,0,0,52,14,5,14,14,14,Low,1,16,36,NE,,0,Partly Cloudy,P Cloudy,1
2026-03-09T18:00:00+0100,1773075600,D,41,Monday,5,rain,1020.69,0,0,55,14,5,14,14,14,Low,0,16,22,NNE,,0,Partly Cloudy,P Cloudy,1
2026-03-09T19:00:00+0100,1773079200,D,40,Monday,5,rain,1020.6,0,0,60,12,5,12,12,12,Low,0,16,24,NNE,,0,Partly Cloudy,P Cloudy,1
2026-03-09T20:00:00+0100,1773082800,N,42,Monday,6,rain,1020.76,0,0,64,11,5,11,11,11,Low,0,16,32,NNE,,0,Partly Cloudy,P Cloudy,1
2026-03-09T21:00:00+0100,1773086400,N,45,Monday,8,rain,1021.1,0,0,69,10,5,10,10,10,Low,0,16,46,NE,,0,Partly Cloudy,P Cloudy,1
2026-03-09T22:00:00+0100,1773090000,N,48,Monday,10,rain,1021.56,0,0,73,9,5,9,9,9,Low,0,16,59,ENE,,0,Partly Cloudy,P Cloudy,1
2026-03-09T23:00:00+0100,1773093600,N,47,Monday,12,rain,1021.96,0,0,78,8,5,8,8,8,Low,0,16,68,ENE,,0,Partly Cloudy,P Cloudy,1
2026-03-10T00:00:00+0100,1773097200,N,46,Tuesday,13,rain,1022.21,0,0,83,7,5,7,7,7,Low,0,16,74,ENE,,0,Partly Cloudy,P Cloudy,1
2026-03-10T01:00:00+0100,1773100800,N,44,Tuesday,10,rain,1022.4,0,0,84,6,4,6,6,6,Low,0,16,69,ENE,,1,Partly Cloudy,P Cloudy,1
2026-03-10T02:00:00+0100,1773104400,N,44,Tuesday,11,rain,1022.3,0,0,87,6,4,6,6,6,Low,0,16,72,ENE,,1,Partly Cloudy,P Cloudy,1
2026-03-10T03:00:00+0100,1773108000,N,44,Tuesday,12,rain,1022.3,0,0,90,5,3,5,5,5,Low,0,16,72,ENE,,1,Partly Cloudy,P Cloudy,1
2026-03-10T04:00:00+0100,1773111600,N,44,Tuesday,12,precip,1022.2,0,0,92,4,3,4,4,4,Low,0,16,70,ENE,,1,Partly Cloudy,P Cloudy,1
2026-03-10T05:00:00+0100,1773115200,N,44,Tuesday,12,precip,1022.2,0,0,95,3,3,3,3,3,Low,0,16,70,ENE,,0,Partly Cloudy,P Cloudy,1
2026-03-10T06:00:00+0100,1773118800,N,45,Tuesday,13,precip,1022.1,0,0,96,3,3,3,3,3,Low,0,16,72,ENE,,0,Partly Cloudy,P Cloudy,1
2026-03-10T07:00:00+0100,1773122400,N,45,Tuesday,13,precip,1022,0,0,96,3,3,3,3,3,Low,0,16,77,ENE,,1,Partly Cloudy,P Cloudy,1
2026-03-10T08:00:00+0100,1773126000,D,45,Tuesday,11,precip,1021.8,0,0,96,4,3,4,4,4,Low,0,16,75,ENE,,0,Partly Cloudy,P Cloudy,1
2026-03-10T09:00:00+0100,1773129600,D,44,Tuesday,9,rain,1021.6,0,0,91,5,4,5,5,5,Low,0,16,83,E,,0,Partly Cloudy,P Cloudy,1
2026-03-10T10:00:00+0100,1773133200,D,42,Tuesday,6,rain,1021.3,0,0,83,7,4,7,7,7,Low,1,16,93,E,,1,Partly Cloudy,P Cloudy,1
2026-03-10T11:00:00+0100,1773136800,D,41,Tuesday,3,rain,1020.9,0,0,73,9,5,9,9,9,Low,2,16,104,ESE,,1,Partly Cloudy,P Cloudy,1
2026-03-10T12:00:00+0100,1773140400,D,41,Tuesday,2,rain,1020.46,0,0,65,11,5,11,11,11,Moderate,3,16,115,ESE,,1,Partly Cloudy,P Cloudy,1
2026-03-10T13:00:00+0100,1773144000,D,41,Tuesday,5,rain,1019.96,0,0,59,13,5,13,13,13,Moderate,4,16,127,SE,,2,Partly Cloudy,P Cloudy,1
2026-03-10T14:00:00+0100,1773147600,D,41,Tuesday,5,rain,1019.4,0,0,53,14,5,14,14,14,Moderate,4,16,138,SE,,2,Partly Cloudy,P Cloudy,1
2026-03-10T15:00:00+0100,1773151200,D,41,Tuesday,5,rain,1018.8,0,0,50,15,5,15,15,15,Moderate,3,16,143,SE,,3,Partly Cloudy,P Cloudy,1
2026-03-10T16:00:00+0100,1773154800,D,42,Tuesday,5,rain,1018.2,0,0,48,15,5,15,15,15,Low,2,16,151,SSE,,2,Partly Cloudy,P Cloudy,1
2026-03-10T17:00:00+0100,1773158400,D,43,Tuesday,5,rain,1017.8,0,0,49,15,5,15,15,15,Low,1,16,119,ESE,,2,Partly Cloudy,P Cloudy,1
2026-03-10T18:00:00+0100,1773162000,D,44,Tuesday,6,rain,1017.6,0,0,52,14,5,14,14,14,Low,0,16,3,N,,2,Partly Cloudy,P Cloudy,1
2026-03-10T19:00:00+0100,1773165600,D,44,Tuesday,5,rain,1017.47,0,0,57,13,5,13,13,13,Low,0,16,16,NNE,,2,Partly Cloudy,P Cloudy,1
2026-03-10T20:00:00+0100,1773169200,N,45,Tuesday,6,rain,1017.66,0,0,62,12,5,12,12,12,Low,0,16,33,NNE,,2,Partly Cloudy,P Cloudy,1
2026-03-10T21:00:00+0100,1773172800,N,47,Tuesday,8,rain,1018.1,0,0,67,11,5,11,11,11,Low,0,16,60,ENE,,2,Partly Cloudy,P Cloudy,1
2026-03-10T22:00:00+0100,1773176400,N,48,Tuesday,10,rain,1018.66,0,0,72,10,5,10,10,10,Low,0,16,63,ENE,,1,Partly Cloudy,P Cloudy,1
2026-03-10T23:00:00+0100,1773180000,N,48,Tuesday,11,rain,1019.1,0,0,77,9,5,9,9,9,Low,0,16,72,ENE,,1,Partly Cloudy,P Cloudy,1
2026-03-11T00:00:00+0100,1773183600,N,46,Wednesday,13,rain,1019.5,0,0,81,8,5,8,8,8,Low,0,16,71,ENE,,1,Partly Cloudy,P Cloudy,1
2026-03-11T01:00:00+0100,1773187200,N,45,Wednesday,18,rain,1019.7,0,0,83,7,4,7,7,7,Low,0,16,68,ENE,,1,Partly Cloudy,P Cloudy,1
2026-03-11T02:00:00+0100,1773190800,N,42,Wednesday,19,rain,1019.2,0,0,86,6,4,6,6,6,Low,0,16,72,ENE,,1,Partly Cloudy,P Cloudy,1
2026-03-11T03:00:00+0100,1773194400,N,42,Wednesday,20,rain,1019.1,0,0,87,6,4,6,6,6,Low,0,16,74,ENE,,1,Partly Cloudy,P Cloudy,1
2026-03-11T04:00:00+0100,1773198000,N,43,Wednesday,21,rain,1019,0,0,90,5,3,5,5,5,Low,0,16,74,ENE,,1,Partly Cloudy,P Cloudy,1
2026-03-11T05:00:00+0100,1773201600,N,45,Wednesday,21,rain,1018.89,0,0,91,5,3,5,5,5,Low,0,16,74,ENE,,1,Partly Cloudy,P Cloudy,1
2026-03-11T06:00:00+0100,1773205200,N,47,Wednesday,21,precip,1018.7,0,0,93,4,3,4,4,4,Low,0,16,75,ENE,,1,Partly Cloudy,P Cloudy,1
2026-03-11T07:00:00+0100,1773208800,N,50,Wednesday,13,precip,1018.5,0,0,95,4,3,4,4,4,Low,0,16,76,ENE,,1,Partly Cloudy,P Cloudy,1
2026-03-11T08:00:00+0100,1773212400,D,53,Wednesday,12,rain,1018.35,0,0,92,5,4,5,5,5,Low,0,16,87,E,,2,Partly Cloudy,P Cloudy,1
2026-03-11T09:00:00+0100,1773216000,D,58,Wednesday,10,rain,1018.15,0,0,87,6,4,6,6,6,Low,0,16,95,E,,2,Partly Cloudy,P Cloudy,1
2026-03-11T10:00:00+0100,1773219600,D,61,Wednesday,8,rain,1017.8,0,0,79,8,5,8,8,8,Low,1,16,105,ESE,,3,Mostly Cloudy,M Cloudy,1
2026-03-11T11:00:00+0100,1773223200,D,58,Wednesday,5,rain,1017.4,0,0,70,10,5,10,10,10,Low,2,16,118,ESE,,4,Partly Cloudy,P Cloudy,1
2026-03-11T12:00:00+0100,1773226800,D,50,Wednesday,3,rain,1016.9,0,0,62,12,5,12,12,12,Moderate,3,16,131,SE,,4,Partly Cloudy,P Cloudy,1
2026-03-11T13:00:00+0100,1773230400,D,46,Wednesday,7,rain,1016.4,0,0,56,14,5,14,14,14,Moderate,4,16,143,SE,,5,Partly Cloudy,P Cloudy,1
2026-03-11T14:00:00+0100,1773234000,D,50,Wednesday,6,rain,1015.9,0,0,51,15,5,15,15,15,Moderate,4,16,152,SSE,,5,Partly Cloudy,P Cloudy,1
2026-03-11T15:00:00+0100,1773237600,D,55,Wednesday,6,rain,1015.36,0,0,48,16,5,16,16,16,Moderate,3,16,155,SSE,,6,Partly Cloudy,P Cloudy,1
2026-03-11T16:00:00+0100,1773241200,D,57,Wednesday,6,rain,1014.8,0,0,46,16,5,16,16,16,Low,2,16,145,SE,,6,Partly Cloudy,P Cloudy,1
2026-03-11T17:00:00+0100,1773244800,D,59,Wednesday,6,rain,1014.39,0,0,48,16,5,16,16,16,Low,1,16,140,SE,,5,Partly Cloudy,P Cloudy,1
2026-03-11T18:00:00+0100,1773248400,D,60,Wednesday,8,rain,1014.15,0,0,50,15,5,15,15,15,Low,0,16,134,SE,,5,Mostly Cloudy,M Cloudy,1
2026-03-11T19:00:00+0100,1773252000,D,60,Wednesday,7,rain,1014.05,0,0,56,14,5,14,14,14,Low,0,16,129,SE,,4,Mostly Cloudy,M Cloudy,1
2026-03-11T20:00:00+0100,1773255600,N,62,Wednesday,8,rain,1014.29,0,0,60,13,5,13,13,13,Low,0,16,126,SE,,4,Mostly Cloudy,M Cloudy,1
2026-03-11T21:00:00+0100,1773259200,N,61,Wednesday,10,rain,1014.78,0,0,63,12,5,12,12,12,Low,0,16,119,ESE,,4,Mostly Cloudy,M Cloudy,1
2026-03-11T22:00:00+0100,1773262800,N,61,Wednesday,15,rain,1015.28,0,0,68,11,5,11,11,11,Low,0,15,122,ESE,,4,Mostly Cloudy,M Cloudy,1
2026-03-11T23:00:00+0100,1773266400,N,60,Wednesday,19,rain,1015.7,0,0,73,10,5,10,10,10,Low,0,16,117,ESE,,3,Mostly Cloudy,M Cloudy,1
2026-03-12T00:00:00+0100,1773270000,N,60,Thursday,22,rain,1016,0,0,76,9,5,9,9,9,Low,0,16,114,ESE,,3,Mostly Cloudy,M Cloudy,1
2026-03-12T01:00:00+0100,1773273600,N,60,Thursday,12,rain,1016.1,0,0,79,8,5,8,8,8,Low,0,16,105,ESE,,3,Mostly Cloudy,M Cloudy,1
2026-03-12T02:00:00+0100,1773277200,N,60,Thursday,13,rain,1016,0,0,80,7,4,7,7,7,Low,0,16,104,ESE,,4,Mostly Cloudy,M Cloudy,1
2026-03-12T03:00:00+0100,1773280800,N,61,Thursday,14,rain,1015.99,0,0,83,7,4,7,7,7,Low,0,16,103,ESE,,3,Mostly Cloudy,M Cloudy,1
2026-03-12T04:00:00+0100,1773284400,N,62,Thursday,15,rain,1015.9,0,0,84,6,4,6,6,6,Low,0,16,104,ESE,,3,Mostly Cloudy,M Cloudy,1
2026-03-12T05:00:00+0100,1773288000,N,62,Thursday,15,rain,1015.89,0,0,87,6,4,6,6,6,Low,0,16,102,ESE,,3,Mostly Cloudy,M Cloudy,1
2026-03-12T06:00:00+0100,1773291600,N,63,Thursday,16,rain,1015.83,0,0,88,6,4,6,6,6,Low,0,16,104,ESE,,2,Mostly Cloudy,M Cloudy,1
2026-03-12T07:00:00+0100,1773295200,N,63,Thursday,13,rain,1015.8,0,0,89,6,4,6,6,6,Low,0,16,108,ESE,,3,Mostly Cloudy,M Cloudy,1
2026-03-12T08:00:00+0100,1773298800,D,64,Thursday,13,rain,1015.78,0,0,90,6,4,6,6,6,Low,0,16,110,ESE,,3,Mostly Cloudy,M Cloudy,1
2026-03-12T09:00:00+0100,1773302400,D,64,Thursday,11,rain,1015.7,0,0,87,7,5,7,7,7,Low,0,16,118,ESE,,3,Mostly Cloudy,M Cloudy,1
2026-03-12T10:00:00+0100,1773306000,D,64,Thursday,14,rain,1015.6,0,0,79,8,5,8,8,8,Low,1,16,132,SE,,4,Mostly Cloudy,M Cloudy,1
2026-03-12T11:00:00+0100,1773309600,D,64,Thursday,9,rain,1015.4,0,0,71,10,5,10,10,10,Low,2,16,146,SE,,5,Mostly Cloudy,M Cloudy,1
2026-03-12T12:00:00+0100,1773313200,D,64,Thursday,7,rain,1015.3,0,0,64,12,6,12,12,12,Moderate,3,16,155,SSE,,6,Mostly Cloudy,M Cloudy,1
2026-03-12T13:00:00+0100,1773316800,D,64,Thursday,11,rain,1015.1,0,0,57,14,6,14,14,14,Moderate,3,16,166,SSE,,6,Mostly Cloudy,M Cloudy,1
2026-03-12T14:00:00+0100,1773320400,D,65,Thursday,11,rain,1014.8,0,0,53,15,6,15,15,15,Moderate,3,16,174,S,,7,Mostly Cloudy,M Cloudy,1
2026-03-12T15:00:00+0100,1773324000,D,66,Thursday,11,rain,1014.5,0,0,50,16,6,16,16,16,Moderate,3,16,180,S,,8,Mostly Cloudy,M Cloudy,1
2026-03-12T16:00:00+0100,1773327600,D,66,Thursday,11,rain,1014.2,0,0,49,16,5,16,16,16,Low,2,16,189,S,,8,Mostly Cloudy,M Cloudy,1
2026-03-12T17:00:00+0100,1773331200,D,67,Thursday,11,rain,1013.9,0,0,50,16,5,16,16,16,Low,1,16,187,S,,8,Mostly Cloudy,M Cloudy,1
2026-03-12T18:00:00+0100,1773334800,D,67,Thursday,12,rain,1013.7,0,0,52,15,5,15,15,15,Low,0,16,194,SSW,,7,Mostly Cloudy,M Cloudy,1
2026-03-12T19:00:00+0100,1773338400,D,68,Thursday,9,rain,1013.6,0,0,58,14,6,14,14,14,Low,0,16,194,SSW,,6,Mostly Cloudy,M Cloudy,1
2026-03-12T20:00:00+0100,1773342000,N,68,Thursday,10,rain,1013.7,0,0,61,13,6,13,13,13,Low,0,16,185,S,,6,Mostly Cloudy,M Cloudy,1
2026-03-12T21:00:00+0100,1773345600,N,67,Thursday,12,rain,1014,0,0,65,12,5,12,12,12,Low,0,16,172,S,,5,Mostly Cloudy,M Cloudy,1
2026-03-12T22:00:00+0100,1773349200,N,67,Thursday,14,rain,1014.4,0,0,70,11,5,11,11,11,Low,0,16,171,S,,5,Mostly Cloudy,M Cloudy,1
2026-03-12T23:00:00+0100,1773352800,N,66,Thursday,15,rain,1014.83,0,0,73,10,5,10,10,10,Low,0,16,157,SSE,,5,Mostly Cloudy,M Cloudy,1
2026-03-13T00:00:00+0100,1773356400,N,66,Friday,17,rain,1015.1,0,0,77,9,5,9,9,9,Low,0,16,153,SSE,,5,Mostly Cloudy,M Cloudy,1
2026-03-13T01:00:00+0100,1773360000,N,66,Friday,17,rain,1015.2,0,0,79,9,5,8,9,8,Low,0,16,145,SE,,5,Mostly Cloudy,M Cloudy,1
2026-03-13T02:00:00+0100,1773363600,N,66,Friday,18,rain,1015,0,0,81,8,5,7,8,7,Low,0,16,138,SE,,5,Mostly Cloudy,M Cloudy,1
2026-03-13T03:00:00+0100,1773367200,N,66,Friday,19,rain,1014.89,0,0,83,7,5,7,7,7,Low,0,16,138,SE,,5,Mostly Cloudy,M Cloudy,1
2026-03-13T04:00:00+0100,1773370800,N,66,Friday,19,rain,1014.7,0,0,85,7,4,7,7,7,Low,0,16,135,SE,,5,Mostly Cloudy,M Cloudy,1
2026-03-13T05:00:00+0100,1773374400,N,67,Friday,20,rain,1014.6,0,0,87,6,4,6,6,6,Low,0,16,129,SE,,5,Mostly Cloudy,M Cloudy,1
2026-03-13T06:00:00+0100,1773378000,N,67,Friday,20,rain,1014.5,0,0,88,6,4,6,6,6,Low,0,16,132,SE,,5,Mostly Cloudy,M Cloudy,1
2026-03-13T07:00:00+0100,1773381600,N,67,Friday,24,rain,1014.4,0,0,89,6,4,5,6,5,Low,0,16,132,SE,,5,Mostly Cloudy,M Cloudy,1
2026-03-13T08:00:00+0100,1773385200,D,67,Friday,23,rain,1014.4,0,0,88,6,5,6,6,6,Low,0,16,139,SE,,5,Mostly Cloudy,M Cloudy,1
2026-03-13T09:00:00+0100,1773388800,D,68,Friday,20,rain,1014.4,0,0,85,7,5,6,7,6,Low,0,16,149,SSE,,6,Mostly Cloudy,M Cloudy,1
2026-03-13T10:00:00+0100,1773392400,D,69,Friday,21,rain,1014.3,0,0,77,9,5,8,9,8,Low,1,16,165,SSE,,7,Mostly Cloudy,M Cloudy,1
2026-03-13T11:00:00+0100,1773396000,D,69,Friday,17,rain,1014.13,0,0,70,11,6,10,11,10,Low,2,16,175,S,,8,Mostly Cloudy,M Cloudy,1
2026-03-13T12:00:00+0100,1773399600,D,70,Friday,13,rain,1013.9,0,0,63,12,6,12,12,12,Moderate,3,16,182,S,,9,Mostly Cloudy,M Cloudy,1
2026-03-13T13:00:00+0100,1773403200,D,70,Friday,17,rain,1013.6,0,0,57,14,6,14,14,14,Moderate,3,16,190,S,,9,Mostly Cloudy,M Cloudy,1
2026-03-13T14:00:00+0100,1773406800,D,69,Friday,18,rain,1013.29,0,0,53,15,6,15,15,15,Moderate,3,16,197,SSW,,10,Mostly Cloudy,M Cloudy,1
2026-03-13T15:00:00+0100,1773410400,D,67,Friday,19,rain,1012.8,0,0,50,16,6,16,16,16,Moderate,3,16,203,SSW,,11,Mostly Cloudy,M Cloudy,1
2026-03-13T16:00:00+0100,1773414000,D,66,Friday,18,rain,1012.3,0,0,48,16,5,16,16,16,Low,2,16,209,SSW,,11,Mostly Cloudy,M Cloudy,1
2026-03-13T17:00:00+0100,1773417600,D,66,Friday,18,rain,1011.89,0,0,49,16,5,16,16,16,Low,1,16,206,SSW,,10,Mostly Cloudy,M Cloudy,1
2026-03-13T18:00:00+0100,1773421200,D,68,Friday,19,rain,1011.6,0,0,50,15,5,15,15,15,Low,0,16,213,SSW,,10,Mostly Cloudy,M Cloudy,1
2026-03-13T19:00:00+0100,1773424800,D,69,Friday,11,rain,1011.4,0,0,57,14,6,14,14,14,Low,0,16,211,SSW,,9,Mostly Cloudy,M Cloudy,1
2026-03-13T20:00:00+0100,1773428400,N,68,Friday,15,rain,1011.5,0,0,60,13,6,13,13,13,Low,0,16,207,SSW,,9,Mostly Cloudy,M Cloudy,1
2026-03-13T21:00:00+0100,1773432000,N,67,Friday,17,rain,1011.8,0,0,63,12,5,11,12,11,Low,0,16,193,SSW,,9,Mostly Cloudy,M Cloudy,1
2026-03-13T22:00:00+0100,1773435600,N,66,Friday,19,rain,1012.1,0,0,68,11,6,11,11,11,Low,0,16,190,S,,8,Mostly Cloudy,M Cloudy,1
2026-03-13T23:00:00+0100,1773439200,N,67,Friday,21,rain,1012.4,0,0,72,11,6,10,11,10,Low,0,16,178,S,,8,Mostly Cloudy,M Cloudy,1
2026-03-14T00:00:00+0100,1773442800,N,67,Saturday,23,rain,1012.59,0,0,76,10,6,9,10,9,Low,0,16,173,S,,8,Mostly Cloudy,M Cloudy,1
2026-03-14T01:00:00+0100,1773446400,N,68,Saturday,24,rain,1012.5,0,0,77,9,5,8,9,8,Low,0,16,168,SSE,,8,Mostly Cloudy,M Cloudy,1
2026-03-14T02:00:00+0100,1773450000,N,69,Saturday,24,rain,1012.29,0,0,79,9,5,7,9,7,Low,0,16,163,SSE,,8,Mostly Cloudy,M Cloudy,1
2026-03-14T03:00:00+0100,1773453600,N,71,Saturday,24,rain,1012,0,0,81,8,5,7,8,7,Low,0,16,160,SSE,,8,Mostly Cloudy,M Cloudy,1
2026-03-14T04:00:00+0100,1773457200,N,72,Saturday,24,rain,1011.7,0,0,83,8,5,6,8,6,Low,0,16,155,SSE,,8,Mostly Cloudy,M Cloudy,1
2026-03-14T05:00:00+0100,1773460800,N,73,Saturday,24,rain,1011.53,0,0,85,7,5,6,7,6,Low,0,16,150,SSE,,8,Mostly Cloudy,M Cloudy,1
2026-03-14T06:00:00+0100,1773464400,N,74,Saturday,24,rain,1011.38,0,0,86,7,5,6,7,6,Low,0,16,150,SSE,,7,Mostly Cloudy,M Cloudy,1
2026-03-14T07:00:00+0100,1773468000,N,74,Saturday,39,rain,1011.2,0.17,0,87,7,5,5,7,5,Low,0,11,152,SSE,,8,Showers,Showers,1
2026-03-14T08:00:00+0100,1773471600,D,74,Saturday,38,rain,1011.05,0.17,0,87,7,5,5,7,5,Low,0,11,153,SSE,,8,Showers,Showers,1
2026-03-14T09:00:00+0100,1773475200,D,74,Saturday,35,rain,1010.9,0.17,0,85,8,5,6,8,6,Low,0,11,154,SSE,,8,Showers,Showers,1
2026-03-14T10:00:00+0100,1773478800,D,73,Saturday,31,rain,1010.7,0.17,0,79,9,6,7,9,7,Low,1,16,160,SSE,,10,Few Showers,Few Showers,1
2026-03-14T11:00:00+0100,1773482400,D,71,Saturday,24,rain,1010.43,0,0,73,11,6,9,11,9,Low,2,16,168,SSE,,10,Mostly Cloudy,M Cloudy,1
2026-03-14T12:00:00+0100,1773486000,D,67,Saturday,24,rain,1010.03,0,0,67,12,6,11,12,11,Moderate,3,16,175,S,,11,Mostly Cloudy,M Cloudy,1
2026-03-14T13:00:00+0100,1773489600,D,64,Saturday,24,rain,1009.6,0,0,62,13,6,12,13,12,Moderate,3,16,182,S,,12,Mostly Cloudy,M Cloudy,1
2026-03-14T14:00:00+0100,1773493200,D,65,Saturday,24,rain,1009.19,0,0,57,14,6,14,14,14,Moderate,3,16,192,SSW,,13,Mostly Cloudy,M Cloudy,1
2026-03-14T15:00:00+0100,1773496800,D,68,Saturday,24,rain,1008.6,0,0,54,15,6,14,15,14,Moderate,3,16,199,SSW,,13,Mostly Cloudy,M Cloudy,1
2026-03-14T16:00:00+0100,1773500400,D,67,Saturday,36,rain,1008,0.2,0,52,15,5,14,15,14,Low,2,11,210,SSW,,14,Showers,Showers,1
2026-03-14T17:00:00+0100,1773504000,D,64,Saturday,36,rain,1007.6,0.2,0,53,15,6,14,15,14,Low,1,11,209,SSW,,13,Showers,Showers,1
2026-03-14T18:00:00+0100,1773507600,D,61,Saturday,38,rain,1007.4,0.2,0,55,14,6,14,14,14,Low,0,11,226,SW,,13,Showers,Showers,1
2026-03-14T19:00:00+0100,1773511200,D,57,Saturday,24,rain,1007.3,0,0,61,13,6,12,13,12,Low,0,16,227,SW,,13,Partly Cloudy,P Cloudy,1
2026-03-14T20:00:00+0100,1773514800,N,53,Saturday,24,rain,1007.5,0,0,63,12,6,11,12,11,Low,0,16,227,SW,,12,Partly Cloudy,P Cloudy,1
2026-03-14T21:00:00+0100,1773518400,N,48,Saturday,24,rain,1008.1,0,0,66,11,5,10,11,10,Low,0,16,217,SW,,11,Partly Cloudy,P Cloudy,1
2026-03-14T22:00:00+0100,1773522000,N,46,Saturday,34,rain,1008.8,0.2,0,69,11,5,9,11,9,Low,0,16,211,SSW,,10,Few Showers,Few Showers,1
2026-03-14T23:00:00+0100,1773525600,N,48,Saturday,33,rain,1009.5,0.2,0,73,10,5,8,10,8,Low,0,11,202,SSW,,10,Few Showers,Few Showers,1
2026-03-15T00:00:00+0100,1773529200,N,52,Sunday,36,rain,1010,0.2,0,77,9,5,8,9,8,Low,0,6,199,SSW,,9,Showers,Showers,1
2026-03-15T01:00:00+0100,1773532800,N,56,Sunday,47,rain,1010.3,0.22,0,80,8,5,7,8,7,Low,0,0.67,203,SSW,,9,Showers,Showers,1
2026-03-15T02:00:00+0100,1773536400,N,61,Sunday,44,rain,1010.3,0.2,0,82,8,5,6,8,6,Low,0,1.2,199,SSW,,9,Showers,Showers,1
2026-03-15T03:00:00+0100,1773540000,N,65,Sunday,40,rain,1010.3,0.1,0,84,7,5,5,7,5,Low,0,1.6,180,S,,9,Showers,Showers,1
2026-03-15T04:00:00+0100,1773543600,N,70,Sunday,33,rain,1010.3,0.1,0,85,7,4,5,7,5,Low,0,2,165,SSE,,9,Few Showers,Few Showers,1
2026-03-15T05:00:00+0100,1773547200,N,70,Sunday,40,rain,1010.3,0.1,0,87,6,4,5,6,5,Low,0,7,146,SSE,,9,Showers,Showers,1
2026-03-15T06:00:00+0100,1773550800,N,68,Sunday,41,rain,1010.4,0.1,0,88,6,4,5,6,5,Low,0,11,135,SE,,8,Showers,Showers,1
2026-03-15T07:00:00+0100,1773554400,N,65,Sunday,36,rain,1010.5,0.1,0,89,6,4,4,6,4,Low,0,11,142,SE,,9,Showers,Showers,1
2026-03-15T08:00:00+0100,1773558000,D,60,Sunday,34,rain,1010.53,0.1,0,88,6,5,5,6,5,Low,0,16,157,SSE,,9,Few Showers,Few Showers,1
2026-03-15T09:00:00+0100,1773561600,D,52,Sunday,30,rain,1010.6,0.1,0,85,7,5,5,7,5,Low,0,16,180,S,,9,Few Showers,Few Showers,1
2026-03-15T10:00:00+0100,1773565200,D,48,Sunday,24,rain,1010.61,0,0,79,8,5,7,8,7,Low,1,16,199,SSW,,10,Partly Cloudy,P Cloudy,1
2026-03-15T11:00:00+0100,1773568800,D,53,Sunday,21,rain,1010.7,0,0,74,10,6,9,10,9,Low,2,16,203,SSW,,11,Partly Cloudy,P Cloudy,1
2026-03-15T12:00:00+0100,1773572400,D,62,Sunday,18,rain,1010.72,0,0,67,11,6,10,11,10,Moderate,3,16,206,SSW,,11,Mostly Cloudy,M Cloudy,1
2026-03-15T13:00:00+0100,1773576000,D,67,Sunday,19,rain,1010.8,0,0,61,13,6,12,13,12,Moderate,3,16,213,SSW,,12,Mostly Cloudy,M Cloudy,1
2026-03-15T14:00:00+0100,1773579600,D,67,Sunday,19,rain,1010.6,0,0,56,14,6,13,14,13,Moderate,3,16,230,SW,,13,Mostly Cloudy,M Cloudy,1
2026-03-15T15:00:00+0100,1773583200,D,67,Sunday,18,rain,1010.37,0,0,53,15,5,14,15,14,Moderate,3,16,245,WSW,,13,Mostly Cloudy,M Cloudy,1
2026-03-15T16:00:00+0100,1773586800,D,66,Sunday,20,rain,1010.3,0,0,51,15,5,14,15,14,Low,2,16,261,W,,14,Mostly Cloudy,M Cloudy,1
2026-03-15T17:00:00+0100,1773590400,D,67,Sunday,21,rain,1010.5,0,0,51,15,5,14,15,14,Low,1,16,266,W,,13,Mostly Cloudy,M Cloudy,1
2026-03-15T18:00:00+0100,1773594000,D,67,Sunday,22,rain,1010.8,0,0,54,14,5,13,14,13,Low,0,16,277,W,,13,Mostly Cloudy,M Cloudy,1
2026-03-15T19:00:00+0100,1773597600,D,67,Sunday,13,rain,1011.1,0,0,59,13,5,12,13,12,Low,0,16,285,WNW,,12,Mostly Cloudy,M Cloudy,1
2026-03-15T20:00:00+0100,1773601200,N,67,Sunday,14,rain,1011.6,0,0,61,12,5,11,12,11,Low,0,16,294,WNW,,11,Mostly Cloudy,M Cloudy,1
2026-03-15T21:00:00+0100,1773604800,N,67,Sunday,16,rain,1012.4,0,0,66,11,5,10,11,10,Low,0,16,309,NW,,10,Mostly Cloudy,M Cloudy,1
2026-03-15T22:00:00+0100,1773608400,N,66,Sunday,18,rain,1013.3,0,0,70,10,5,9,10,9,Low,0,16,326,NW,,10,Mostly Cloudy,M Cloudy,1
2026-03-15T23:00:00+0100,1773612000,N,65,Sunday,20,rain,1014.1,0,0,72,10,5,8,10,8,Low,0,16,354,N,,9,Mostly Cloudy,M Cloudy,1
2026-03-16T00:00:00+0100,1773615600,N,64,Monday,21,rain,1014.7,0,0,76,9,5,8,9,8,Low,0,16,0,N,,8,Mostly Cloudy,M Cloudy,1
2026-03-16T01:00:00+0100,1773619200,N,63,Monday,16,rain,1015,0,0,78,8,4,7,8,7,Low,0,16,0,N,,8,Mostly Cloudy,M Cloudy,1
2026-03-16T02:00:00+0100,1773622800,N,58,Monday,17,rain,1015.2,0,0,80,7,4,6,7,6,Low,0,16,357,N,,8,Partly Cloudy,P Cloudy,1
2026-03-16T03:00:00+0100,1773626400,N,50,Monday,24,rain,1015.3,0,0,82,7,4,5,7,5,Low,0,16,0,N,,8,Partly Cloudy,P Cloudy,1
2026-03-16T04:00:00+0100,1773630000,N,45,Monday,32,rain,1015.32,0.1,0,84,6,4,5,6,5,Low,0,16,0,N,,8,Few Showers,Few Showers,1
2026-03-16T05:00:00+0100,1773633600,N,45,Monday,33,rain,1015.42,0.1,0,87,6,4,4,6,4,Low,0,16,6,N,,7,Few Showers,Few Showers,1
2026-03-16T06:00:00+0100,1773637200,N,46,Monday,34,rain,1015.55,0.1,0,87,6,4,4,6,4,Low,0,16,11,N,,7,Few Showers,Few Showers,1
2026-03-16T07:00:00+0100,1773640800,N,47,Monday,24,rain,1015.62,0,0,89,6,4,4,6,4,Low,0,16,15,NNE,,8,Partly Cloudy,P Cloudy,1
2026-03-16T08:00:00+0100,1773644400,D,45,Monday,23,rain,1016.81,0,0,89,6,4,4,6,4,Low,0,16,7,N,,8,Partly Cloudy,P Cloudy,1
2026-03-16T09:00:00+0100,1773648000,D,42,Monday,20,rain,1016.9,0,0,85,6,4,5,6,5,Low,0,16,11,NNE,,9,Partly Cloudy,P Cloudy,1
2026-03-16T10:00:00+0100,1773651600,D,41,Monday,16,rain,1016.95,0,0,78,8,4,6,8,6,Low,1,16,0,N,,10,Partly Cloudy,P Cloudy,1
2026-03-16T11:00:00+0100,1773655200,D,47,Monday,12,rain,1016.91,0,0,70,10,5,8,10,8,Low,2,15,28,NNE,,11,Partly Cloudy,P Cloudy,1
2026-03-16T12:00:00+0100,1773658800,D,56,Monday,10,rain,1016.9,0,0,65,11,5,10,11,10,Moderate,3,14,46,NE,,13,Partly Cloudy,P Cloudy,1
2026-03-16T13:00:00+0100,1773662400,D,62,Monday,13,rain,1016.9,0,0,59,13,5,12,13,12,Moderate,4,13,90,E,,13,Mostly Cloudy,M Cloudy,1
2026-03-16T14:00:00+0100,1773666000,D,62,Monday,12,rain,1016.8,0,0,55,14,5,13,14,13,Moderate,4,14,270,W,,14,Mostly Cloudy,M Cloudy,1
2026-03-16T15:00:00+0100,1773669600,D,63,Monday,13,rain,1016.7,0,0,52,15,5,14,15,14,Moderate,3,15,311,NW,,14,Mostly Cloudy,M Cloudy,1
2026-03-16T16:00:00+0100,1773673200,D,63,Monday,13,rain,1016.6,0,0,50,15,5,14,15,14,Low,2,16,309,NW,,14,Mostly Cloudy,M Cloudy,1
2026-03-16T17:00:00+0100,1773676800,D,64,Monday,13,rain,1016.6,0,0,51,15,5,14,15,14,Low,1,16,309,NW,,14,Mostly Cloudy,M Cloudy,1
2026-03-16T18:00:00+0100,1773680400,D,65,Monday,14,rain,1016.7,0,0,53,15,5,14,15,14,Low,0,16,303,WNW,,14,Mostly Cloudy,M Cloudy,1
2026-03-16T19:00:00+0100,1773684000,D,66,Monday,12,rain,1016.8,0,0,59,13,5,12,13,12,Low,0,16,305,NW,,13,Mostly Cloudy,M Cloudy,1